index,-,-.1,-.2,AATGGGGGG,ID,ScientificName,TAGGG,TCAGG,TGTGGG,TTAGG,TTAGGC,TTAGGG,TTGCA,TTGGGG,TTGTGG,TTTAGGG,TTTGGG,TTTTAGGG,TTTTGGGG,genus,maxrep,nbAATGGGGGG,nbTAGGG,nbTCAGG,nbTGTGGG,nbTTAGG,nbTTAGGC,nbTTAGGG,nbTTGCA,nbTTGGGG,nbTTGTGG,nbTTTAGGG,nbTTTGGG,nbTTTTAGGG,nbTTTTGGGG,nbrep,nbseqE,nbseqO,order,species,tree_keys,tree_father_keys
Araneae,,,,,,,,,,,,,,,,,,,,,,0,2757,17,183,39368,14,59,625,0,31,4,16,0,4,17726747,866620125,866620125,Araneae,,Araneae,
AraneaeAcanthoscurria,,,,,,,,,,,,,,,,,,,,Acanthoscurria,,0,3,0,77,1975,5,39,64,0,2,2,2,0,4,1071507,552843836,552843836,Araneae,,Acanthoscurria,Araneae
AraneaeAcanthoscurriaAcanthoscurria geniculata,,,,,,,,,,,,,,,,,,,,Acanthoscurria,,0,3,0,77,1975,5,39,64,0,2,2,2,0,4,1071507,552843836,552843836,Araneae,Acanthoscurria geniculata,Acanthoscurria geniculata,Acanthoscurria
83,-,-,-,AATGGGGGG,SRR1024060,Acanthoscurria_geniculata,TAGGG,TCAGG,TGTGGG,TTAGG,TTAGGC,TTAGGG,TTGCA,TTGGGG,TTGTGG,TTTAGGG,TTTGGG,TTTTAGGG,TTTTGGGG,Acanthoscurria,28121.0,0,0,0,12,1669,2,5,13,0,0,0,0,0,0,446204,121250921,121250921,Araneae,Acanthoscurria geniculata,SRR1024060,Acanthoscurria geniculata
69,-,-,-,AATGGGGGG,SRR1024061,Acanthoscurria_geniculata,TAGGG,TCAGG,TGTGGG,TTAGG,TTAGGC,TTAGGG,TTGCA,TTGGGG,TTGTGG,TTTAGGG,TTTGGG,TTTTAGGG,TTTTGGGG,Acanthoscurria,37685.0,0,3,0,25,133,3,34,11,0,2,2,0,0,0,320203,172715915,172715915,Araneae,Acanthoscurria geniculata,SRR1024061,Acanthoscurria geniculata
73,-,-,-,AATGGGGGG,SRR1024062,Acanthoscurria_geniculata,TAGGG,TCAGG,TGTGGG,TTAGG,TTAGGC,TTAGGG,TTGCA,TTGGGG,TTGTGG,TTTAGGG,TTTGGG,TTTTAGGG,TTTTGGGG,Acanthoscurria,29545.0,0,0,0,3,120,0,0,23,0,0,0,1,0,1,70767,128177809,128177809,Araneae,Acanthoscurria geniculata,SRR1024062,Acanthoscurria geniculata
96,-,-,-,AATGGGGGG,SRR1024068,Acanthoscurria_geniculata,TAGGG,TCAGG,TGTGGG,TTAGG,TTAGGC,TTAGGG,TTGCA,TTGGGG,TTGTGG,TTTAGGG,TTTGGG,TTTTAGGG,TTTTGGGG,Acanthoscurria,38544.0,0,0,0,37,53,0,0,17,0,0,0,1,0,3,234333,130699191,130699191,Araneae,Acanthoscurria geniculata,SRR1024068,Acanthoscurria geniculata
AraneaeArgiope,,,,,,,,,,,,,,,,,,,,Argiope,,0,2727,17,88,36162,9,20,25,0,0,2,14,0,0,3158419,180119468,180119468,Araneae,,Argiope,Araneae
AraneaeArgiopeArgiope bruennichi,,,,,,,,,,,,,,,,,,,,Argiope,,0,2727,17,88,36162,9,20,25,0,0,2,14,0,0,3158419,180119468,180119468,Araneae,Argiope bruennichi,Argiope bruennichi,Argiope
99,-,-,-,AATGGGGGG,ERR574428,Argiope_bruennichi,TAGGG,TCAGG,TGTGGG,TTAGG,TTAGGC,TTAGGG,TTGCA,TTGGGG,TTGTGG,TTTAGGG,TTTGGG,TTTTAGGG,TTTTGGGG,Argiope,659071.0,0,2727,17,88,36162,9,20,25,0,0,2,14,0,0,3158419,180119468,180119468,Araneae,Argiope bruennichi,ERR574428,Argiope bruennichi
AraneaeParasteatoda,,,,,,,,,,,,,,,,,,,,Parasteatoda,,0,27,0,18,1231,0,0,536,0,29,0,0,0,0,13496821,133656821,133656821,Araneae,,Parasteatoda,Araneae
AraneaeParasteatodaParasteatoda tepidariorum,,,,,,,,,,,,,,,,,,,,Parasteatoda,,0,27,0,18,1231,0,0,536,0,29,0,0,0,0,13496821,133656821,133656821,Araneae,Parasteatoda tepidariorum,Parasteatoda tepidariorum,Parasteatoda
95,-,-,-,AATGGGGGG,DRR054563,Parasteatoda_tepidariorum,TAGGG,TCAGG,TGTGGG,TTAGG,TTAGGC,TTAGGG,TTGCA,TTGGGG,TTGTGG,TTTAGGG,TTTGGG,TTTTAGGG,TTTTGGGG,Parasteatoda,22839.0,0,0,0,0,18,0,0,78,0,3,0,0,0,0,1640729,21046563,21046563,Araneae,Parasteatoda tepidariorum,DRR054563,Parasteatoda tepidariorum
15,-,-,-,AATGGGGGG,DRR054564,Parasteatoda_tepidariorum,TAGGG,TCAGG,TGTGGG,TTAGG,TTAGGC,TTAGGG,TTGCA,TTGGGG,TTGTGG,TTTAGGG,TTTGGG,TTTTAGGG,TTTTGGGG,Parasteatoda,20093.0,0,0,0,0,9,0,0,52,0,9,0,0,0,0,1533625,19282805,19282805,Araneae,Parasteatoda tepidariorum,DRR054564,Parasteatoda tepidariorum
7,-,-,-,AATGGGGGG,DRR054565,Parasteatoda_tepidariorum,TAGGG,TCAGG,TGTGGG,TTAGG,TTAGGC,TTAGGG,TTGCA,TTGGGG,TTGTGG,TTTAGGG,TTTGGG,TTTTAGGG,TTTTGGGG,Parasteatoda,20578.0,0,0,0,0,7,0,0,56,0,6,0,0,0,0,1555184,19636512,19636512,Araneae,Parasteatoda tepidariorum,DRR054565,Parasteatoda tepidariorum
86,-,-,-,AATGGGGGG,DRR054566,Parasteatoda_tepidariorum,TAGGG,TCAGG,TGTGGG,TTAGG,TTAGGC,TTAGGG,TTGCA,TTGGGG,TTGTGG,TTTAGGG,TTTGGG,TTTTAGGG,TTTTGGGG,Parasteatoda,20273.0,0,0,0,0,9,0,0,82,0,1,0,0,0,0,1606492,19307889,19307889,Araneae,Parasteatoda tepidariorum,DRR054566,Parasteatoda tepidariorum
26,-,-,-,AATGGGGGG,DRR054567,Parasteatoda_tepidariorum,TAGGG,TCAGG,TGTGGG,TTAGG,TTAGGC,TTAGGG,TTGCA,TTGGGG,TTGTGG,TTTAGGG,TTTGGG,TTTTAGGG,TTTTGGGG,Parasteatoda,18892.0,0,17,0,2,948,0,0,31,0,1,0,0,0,0,915986,4948313,4948313,Araneae,Parasteatoda tepidariorum,DRR054567,Parasteatoda tepidariorum
16,-,-,-,AATGGGGGG,DRR054568,Parasteatoda_tepidariorum,TAGGG,TCAGG,TGTGGG,TTAGG,TTAGGC,TTAGGG,TTGCA,TTGGGG,TTGTGG,TTTAGGG,TTTGGG,TTTTAGGG,TTTTGGGG,Parasteatoda,45043.0,0,7,0,3,139,0,0,48,0,2,0,0,0,0,1544695,12274765,12274765,Araneae,Parasteatoda tepidariorum,DRR054568,Parasteatoda tepidariorum
63,-,-,-,AATGGGGGG,DRR054569,Parasteatoda_tepidariorum,TAGGG,TCAGG,TGTGGG,TTAGG,TTAGGC,TTAGGG,TTGCA,TTGGGG,TTGTGG,TTTAGGG,TTTGGG,TTTTAGGG,TTTTGGGG,Parasteatoda,24705.0,0,2,0,7,48,0,0,32,0,2,0,0,0,0,1031559,5874233,5874233,Araneae,Parasteatoda tepidariorum,DRR054569,Parasteatoda tepidariorum
9,-,-,-,AATGGGGGG,DRR054570,Parasteatoda_tepidariorum,TAGGG,TCAGG,TGTGGG,TTAGG,TTAGGC,TTAGGG,TTGCA,TTGGGG,TTGTGG,TTTAGGG,TTTGGG,TTTTAGGG,TTTTGGGG,Parasteatoda,48460.0,0,0,0,3,30,0,0,59,0,4,0,0,0,0,1633869,13139108,13139108,Araneae,Parasteatoda tepidariorum,DRR054570,Parasteatoda tepidariorum
88,-,-,-,AATGGGGGG,DRR054571,Parasteatoda_tepidariorum,TAGGG,TCAGG,TGTGGG,TTAGG,TTAGGC,TTAGGG,TTGCA,TTGGGG,TTGTGG,TTTAGGG,TTTGGG,TTTTAGGG,TTTTGGGG,Parasteatoda,60915.0,0,1,0,3,23,0,0,98,0,1,0,0,0,0,2034682,18146633,18146633,Araneae,Parasteatoda tepidariorum,DRR054571,Parasteatoda tepidariorum
Ixodida,,,,,,,,,,,,,,,,,,,,,,0,2,0,0,255,0,33,0,2,0,161,46,248,45,93685,350329,350329,Ixodida,,Ixodida,
IxodidaAmblyomma,,,,,,,,,,,,,,,,,,,,Amblyomma,,0,1,0,0,248,0,31,0,2,0,159,46,245,45,30032,102531,102531,Ixodida,,Amblyomma,Ixodida
IxodidaAmblyommaAmblyomma testudinarium,,,,,,,,,,,,,,,,,,,,Amblyomma,,0,1,0,0,247,0,31,0,2,0,159,46,245,45,25854,32691,32691,Ixodida,Amblyomma testudinarium,Amblyomma testudinarium,Amblyomma
98,-,-,-,AATGGGGGG,DRR002242,Amblyomma_testudinarium,TAGGG,TCAGG,TGTGGG,TTAGG,TTAGGC,TTAGGG,TTGCA,TTGGGG,TTGTGG,TTTAGGG,TTTGGG,TTTTAGGG,TTTTGGGG,Amblyomma,59.0,0,0,0,0,76,0,10,0,0,0,79,26,97,12,6342,3199,3199,Ixodida,Amblyomma testudinarium,DRR002242,Amblyomma testudinarium
32,-,-,-,AATGGGGGG,DRR002243,Amblyomma_testudinarium,TAGGG,TCAGG,TGTGGG,TTAGG,TTAGGC,TTAGGG,TTGCA,TTGGGG,TTGTGG,TTTAGGG,TTTGGG,TTTTAGGG,TTTTGGGG,Amblyomma,115.0,0,0,0,0,111,0,7,0,2,0,38,10,99,28,10482,14713,14713,Ixodida,Amblyomma testudinarium,DRR002243,Amblyomma testudinarium
17,-,-,-,AATGGGGGG,DRR002244,Amblyomma_testudinarium,TAGGG,TCAGG,TGTGGG,TTAGG,TTAGGC,TTAGGG,TTGCA,TTGGGG,TTGTGG,TTTAGGG,TTTGGG,TTTTAGGG,TTTTGGGG,Amblyomma,52.0,0,1,0,0,60,0,14,0,0,0,42,10,49,5,9030,14779,14779,Ixodida,Amblyomma testudinarium,DRR002244,Amblyomma testudinarium
IxodidaAmblyommaAmblyomma variegatum,,,,,,,,,,,,,,,,,,,,Amblyomma,,0,0,0,0,1,0,0,0,0,0,0,0,0,0,4178,69840,69840,Ixodida,Amblyomma variegatum,Amblyomma variegatum,Amblyomma
34,-,-,-,AATGGGGGG,DRR002235,Amblyomma_variegatum,TAGGG,TCAGG,TGTGGG,TTAGG,TTAGGC,TTAGGG,TTGCA,TTGGGG,TTGTGG,TTTAGGG,TTTGGG,TTTTAGGG,TTTTGGGG,Amblyomma,509.0,0,0,0,0,1,0,0,0,0,0,0,0,0,0,2743,42258,42258,Ixodida,Amblyomma variegatum,DRR002235,Amblyomma variegatum
52,-,-,-,AATGGGGGG,DRR002236,Amblyomma_variegatum,TAGGG,TCAGG,TGTGGG,TTAGG,TTAGGC,TTAGGG,TTGCA,TTGGGG,TTGTGG,TTTAGGG,TTTGGG,TTTTAGGG,TTTTGGGG,Amblyomma,454.0,0,0,0,0,0,0,0,0,0,0,0,0,0,0,1435,27582,27582,Ixodida,Amblyomma variegatum,DRR002236,Amblyomma variegatum
IxodidaHaemaphysalis,,,,,,,,,,,,,,,,,,,,Haemaphysalis,,0,1,0,0,7,0,0,0,0,0,2,0,2,0,26969,63852,63852,Ixodida,,Haemaphysalis,Ixodida
IxodidaHaemaphysalisHaemaphysalis formosensis,,,,,,,,,,,,,,,,,,,,Haemaphysalis,,0,0,0,0,2,0,0,0,0,0,0,0,1,0,9917,30832,30832,Ixodida,Haemaphysalis formosensis,Haemaphysalis formosensis,Haemaphysalis
80,-,-,-,AATGGGGGG,DRR002245,Haemaphysalis_formosensis,TAGGG,TCAGG,TGTGGG,TTAGG,TTAGGC,TTAGGG,TTGCA,TTGGGG,TTGTGG,TTTAGGG,TTTGGG,TTTTAGGG,TTTTGGGG,Haemaphysalis,11.0,0,0,0,0,0,0,0,0,0,0,0,0,0,0,3106,2525,2525,Ixodida,Haemaphysalis formosensis,DRR002245,Haemaphysalis formosensis
36,-,-,-,AATGGGGGG,DRR002246,Haemaphysalis_formosensis,TAGGG,TCAGG,TGTGGG,TTAGG,TTAGGC,TTAGGG,TTGCA,TTGGGG,TTGTGG,TTTAGGG,TTTGGG,TTTTAGGG,TTTTGGGG,Haemaphysalis,27.0,0,0,0,0,2,0,0,0,0,0,0,0,1,0,4240,14816,14816,Ixodida,Haemaphysalis formosensis,DRR002246,Haemaphysalis formosensis
37,-,-,-,AATGGGGGG,DRR002247,Haemaphysalis_formosensis,TAGGG,TCAGG,TGTGGG,TTAGG,TTAGGC,TTAGGG,TTGCA,TTGGGG,TTGTGG,TTTAGGG,TTTGGG,TTTTAGGG,TTTTGGGG,Haemaphysalis,26.0,0,0,0,0,0,0,0,0,0,0,0,0,0,0,2571,13491,13491,Ixodida,Haemaphysalis formosensis,DRR002247,Haemaphysalis formosensis
IxodidaHaemaphysalisHaemaphysalis longicornis,,,,,,,,,,,,,,,,,,,,Haemaphysalis,,0,1,0,0,5,0,0,0,0,0,2,0,1,0,17052,33020,33020,Ixodida,Haemaphysalis longicornis,Haemaphysalis longicornis,Haemaphysalis
68,-,-,-,AATGGGGGG,DRR002248,Haemaphysalis_longicornis,TAGGG,TCAGG,TGTGGG,TTAGG,TTAGGC,TTAGGG,TTGCA,TTGGGG,TTGTGG,TTTAGGG,TTTGGG,TTTTAGGG,TTTTGGGG,Haemaphysalis,15.0,0,0,0,0,2,0,0,0,0,0,1,0,1,0,5778,3206,3206,Ixodida,Haemaphysalis longicornis,DRR002248,Haemaphysalis longicornis
35,-,-,-,AATGGGGGG,DRR002249,Haemaphysalis_longicornis,TAGGG,TCAGG,TGTGGG,TTAGG,TTAGGC,TTAGGG,TTGCA,TTGGGG,TTGTGG,TTTAGGG,TTTGGG,TTTTAGGG,TTTTGGGG,Haemaphysalis,40.0,0,1,0,0,2,0,0,0,0,0,1,0,0,0,7220,16063,16063,Ixodida,Haemaphysalis longicornis,DRR002249,Haemaphysalis longicornis
58,-,-,-,AATGGGGGG,DRR002250,Haemaphysalis_longicornis,TAGGG,TCAGG,TGTGGG,TTAGG,TTAGGC,TTAGGG,TTGCA,TTGGGG,TTGTGG,TTTAGGG,TTTGGG,TTTTAGGG,TTTTGGGG,Haemaphysalis,34.0,0,0,0,0,1,0,0,0,0,0,0,0,0,0,4054,13751,13751,Ixodida,Haemaphysalis longicornis,DRR002250,Haemaphysalis longicornis
IxodidaIxodes,,,,,,,,,,,,,,,,,,,,Ixodes,,0,0,0,0,0,0,2,0,0,0,0,0,1,0,36684,183946,183946,Ixodida,,Ixodes,Ixodida
IxodidaIxodesIxodes ovatus,,,,,,,,,,,,,,,,,,,,Ixodes,,0,0,0,0,0,0,1,0,0,0,0,0,0,0,4298,70925,70925,Ixodida,Ixodes ovatus,Ixodes ovatus,Ixodes
43,-,-,-,AATGGGGGG,DRR002239,Ixodes_ovatus,TAGGG,TCAGG,TGTGGG,TTAGG,TTAGGC,TTAGGG,TTGCA,TTGGGG,TTGTGG,TTTAGGG,TTTGGG,TTTTAGGG,TTTTGGGG,Ixodes,33.0,0,0,0,0,0,0,1,0,0,0,0,0,0,0,1426,37136,37136,Ixodida,Ixodes ovatus,DRR002239,Ixodes ovatus
27,-,-,-,AATGGGGGG,DRR002240,Ixodes_ovatus,TAGGG,TCAGG,TGTGGG,TTAGG,TTAGGC,TTAGGG,TTGCA,TTGGGG,TTGTGG,TTTAGGG,TTTGGG,TTTTAGGG,TTTTGGGG,Ixodes,309.0,0,0,0,0,0,0,0,0,0,0,0,0,0,0,2872,33789,33789,Ixodida,Ixodes ovatus,DRR002240,Ixodes ovatus
IxodidaIxodesIxodes persulcatus,,,,,,,,,,,,,,,,,,,,Ixodes,,0,0,0,0,0,0,1,0,0,0,0,0,0,0,17307,73211,73211,Ixodida,Ixodes persulcatus,Ixodes persulcatus,Ixodes
3,-,-,-,AATGGGGGG,DRR002237,Ixodes_persulcatus,TAGGG,TCAGG,TGTGGG,TTAGG,TTAGGC,TTAGGG,TTGCA,TTGGGG,TTGTGG,TTTAGGG,TTTGGG,TTTTAGGG,TTTTGGGG,Ixodes,141.0,0,0,0,0,0,0,1,0,0,0,0,0,0,0,2659,37667,37667,Ixodida,Ixodes persulcatus,DRR002237,Ixodes persulcatus
31,-,-,-,AATGGGGGG,DRR002238,Ixodes_persulcatus,TAGGG,TCAGG,TGTGGG,TTAGG,TTAGGC,TTAGGG,TTGCA,TTGGGG,TTGTGG,TTTAGGG,TTTGGG,TTTTAGGG,TTTTGGGG,Ixodes,3191.0,0,0,0,0,0,0,0,0,0,0,0,0,0,0,14648,35544,35544,Ixodida,Ixodes persulcatus,DRR002238,Ixodes persulcatus
IxodidaIxodesIxodes ricinus,,,,,,,,,,,,,,,,,,,,Ixodes,,0,0,0,0,0,0,0,0,0,0,0,0,1,0,15079,39810,39810,Ixodida,Ixodes ricinus,Ixodes ricinus,Ixodes
54,-,-,-,AATGGGGGG,DRR002241,Ixodes_ricinus,TAGGG,TCAGG,TGTGGG,TTAGG,TTAGGC,TTAGGG,TTGCA,TTGGGG,TTGTGG,TTTAGGG,TTTGGG,TTTTAGGG,TTTTGGGG,Ixodes,3216.0,0,0,0,0,0,0,0,0,0,0,0,0,1,0,15079,39810,39810,Ixodida,Ixodes ricinus,DRR002241,Ixodes ricinus
Nautilida,,,,,,,,,,,,,,,,,,,,,,0,27,1,2,213,0,710,0,2,1,32,10,14,6,244495,402067,402067,Nautilida,,Nautilida,
NautilidaNautilus,,,,,,,,,,,,,,,,,,,,Nautilus,,0,27,1,2,213,0,710,0,2,1,32,10,14,6,244495,402067,402067,Nautilida,,Nautilus,Nautilida
NautilidaNautilusNautilus pompilius,,,,,,,,,,,,,,,,,,,,Nautilus,,0,27,1,2,213,0,710,0,2,1,32,10,14,6,244495,402067,402067,Nautilida,Nautilus pompilius,Nautilus pompilius,Nautilus
90,-,-,-,AATGGGGGG,DRR001111,Nautilus_pompilius,TAGGG,TCAGG,TGTGGG,TTAGG,TTAGGC,TTAGGG,TTGCA,TTGGGG,TTGTGG,TTTAGGG,TTTGGG,TTTTAGGG,TTTTGGGG,Nautilus,5396.0,0,15,1,0,133,0,422,0,2,1,19,7,10,6,146056,233726,233726,Nautilida,Nautilus pompilius,DRR001111,Nautilus pompilius
21,-,-,-,AATGGGGGG,DRR001114,Nautilus_pompilius,TAGGG,TCAGG,TGTGGG,TTAGG,TTAGGC,TTAGGG,TTGCA,TTGGGG,TTGTGG,TTTAGGG,TTTGGG,TTTTAGGG,TTTTGGGG,Nautilus,4759.0,0,12,0,2,80,0,288,0,0,0,13,3,4,0,98439,168341,168341,Nautilida,Nautilus pompilius,DRR001114,Nautilus pompilius
Parachela,,,,,,,,,,,,,,,,,,,,,,9,311,1,2255,95,0,94,182,52,141,6,16,0,7,3879267,84924995,84924995,Parachela,,Parachela,
ParachelaHypsibius,,,,,,,,,,,,,,,,,,,,Hypsibius,,3,311,1,2252,95,0,56,182,52,141,0,16,0,7,3757571,25050780,25050780,Parachela,,Hypsibius,Parachela
ParachelaHypsibiusHypsibius dujardini,,,,,,,,,,,,,,,,,,,,Hypsibius,,3,311,1,2252,95,0,56,182,52,141,0,16,0,7,3757571,25050780,25050780,Parachela,Hypsibius dujardini,Hypsibius dujardini,Hypsibius
39,-,-,-,AATGGGGGG,DRR055040,Hypsibius_dujardini,TAGGG,TCAGG,TGTGGG,TTAGG,TTAGGC,TTAGGG,TTGCA,TTGGGG,TTGTGG,TTTAGGG,TTTGGG,TTTTAGGG,TTTTGGGG,Hypsibius,425325.0,3,311,1,2252,95,0,56,182,52,141,0,16,0,7,3757571,25050780,25050780,Parachela,Hypsibius dujardini,DRR055040,Hypsibius dujardini
ParachelaRamazzottius,,,,,,,,,,,,,,,,,,,,Ramazzottius,,6,0,0,3,0,0,38,0,0,0,6,0,0,0,121696,59874215,59874215,Parachela,,Ramazzottius,Parachela
ParachelaRamazzottiusRamazzottius varieornatus,,,,,,,,,,,,,,,,,,,,Ramazzottius,,6,0,0,3,0,0,38,0,0,0,6,0,0,0,121696,59874215,59874215,Parachela,Ramazzottius varieornatus,Ramazzottius varieornatus,Ramazzottius
79,-,-,-,AATGGGGGG,DRR013908,Ramazzottius_varieornatus,TAGGG,TCAGG,TGTGGG,TTAGG,TTAGGC,TTAGGG,TTGCA,TTGGGG,TTGTGG,TTTAGGG,TTTGGG,TTTTAGGG,TTTTGGGG,Ramazzottius,5439.0,0,0,0,0,0,0,10,0,0,0,2,0,0,0,37044,18946075,18946075,Parachela,Ramazzottius varieornatus,DRR013908,Ramazzottius varieornatus
72,-,-,-,AATGGGGGG,DRR013909,Ramazzottius_varieornatus,TAGGG,TCAGG,TGTGGG,TTAGG,TTAGGC,TTAGGG,TTGCA,TTGGGG,TTGTGG,TTTAGGG,TTTGGG,TTTTAGGG,TTTTGGGG,Ramazzottius,8523.0,1,0,0,2,0,0,10,0,0,0,2,0,0,0,42148,20397038,20397038,Parachela,Ramazzottius varieornatus,DRR013909,Ramazzottius varieornatus
10,-,-,-,AATGGGGGG,DRR013910,Ramazzottius_varieornatus,TAGGG,TCAGG,TGTGGG,TTAGG,TTAGGC,TTAGGG,TTGCA,TTGGGG,TTGTGG,TTTAGGG,TTTGGG,TTTTAGGG,TTTTGGGG,Ramazzottius,9417.0,5,0,0,1,0,0,18,0,0,0,2,0,0,0,42504,20531102,20531102,Parachela,Ramazzottius varieornatus,DRR013910,Ramazzottius varieornatus
Pectinoida,,,,,,,,,,,,,,,,,,,,,,0,30,0,1,134,0,145,0,1,3,3,1,3,0,354108,409122,409122,Pectinoida,,Pectinoida,
PectinoidaMizuhopecten,,,,,,,,,,,,,,,,,,,,Mizuhopecten,,0,30,0,1,134,0,145,0,1,3,3,1,3,0,354108,409122,409122,Pectinoida,,Mizuhopecten,Pectinoida
PectinoidaMizuhopectenMizuhopecten yessoensis,,,,,,,,,,,,,,,,,,,,Mizuhopecten,,0,30,0,1,134,0,145,0,1,3,3,1,3,0,354108,409122,409122,Pectinoida,Mizuhopecten yessoensis,Mizuhopecten yessoensis,Mizuhopecten
62,-,-,-,AATGGGGGG,DRR001112,Mizuhopecten_yessoensis,TAGGG,TCAGG,TGTGGG,TTAGG,TTAGGC,TTAGGG,TTGCA,TTGGGG,TTGTGG,TTTAGGG,TTTGGG,TTTTAGGG,TTTTGGGG,Mizuhopecten,7616.0,0,12,0,1,66,0,96,0,1,3,2,1,2,0,186244,217825,217825,Pectinoida,Mizuhopecten yessoensis,DRR001112,Mizuhopecten yessoensis
33,-,-,-,AATGGGGGG,DRR001115,Mizuhopecten_yessoensis,TAGGG,TCAGG,TGTGGG,TTAGG,TTAGGC,TTAGGG,TTGCA,TTGGGG,TTGTGG,TTTAGGG,TTTGGG,TTTTAGGG,TTTTGGGG,Mizuhopecten,4237.0,0,18,0,0,68,0,49,0,0,0,1,0,1,0,167864,191297,191297,Pectinoida,Mizuhopecten yessoensis,DRR001115,Mizuhopecten yessoensis
Pterioida,,,,,,,,,,,,,,,,,,,,,,22,1409,16,21,5769,0,239692,34,214,16,387,131,344,164,11842439,352756830,352756830,Pterioida,,Pterioida,
PterioidaPinctada,,,,,,,,,,,,,,,,,,,,Pinctada,,22,1409,16,21,5769,0,239692,34,214,16,387,131,344,164,11842439,352756830,352756830,Pterioida,,Pinctada,Pterioida
PterioidaPinctadaPinctada fucata,,,,,,,,,,,,,,,,,,,,Pinctada,,22,1409,16,21,5769,0,239692,34,214,16,387,131,344,164,11842439,352756830,352756830,Pterioida,Pinctada fucata,Pinctada fucata,Pinctada
4,-,-,-,AATGGGGGG,DRR001572,Pinctada_fucata,TAGGG,TCAGG,TGTGGG,TTAGG,TTAGGC,TTAGGG,TTGCA,TTGGGG,TTGTGG,TTTAGGG,TTTGGG,TTTTAGGG,TTTTGGGG,Pinctada,2697.0,0,17,1,0,80,0,473,3,0,0,7,0,2,2,186787,758370,758370,Pterioida,Pinctada fucata,DRR001572,Pinctada fucata
76,-,-,-,AATGGGGGG,DRR001573,Pinctada_fucata,TAGGG,TCAGG,TGTGGG,TTAGG,TTAGGC,TTAGGG,TTGCA,TTGGGG,TTGTGG,TTTAGGG,TTTGGG,TTTTAGGG,TTTTGGGG,Pinctada,3108.0,0,24,0,0,77,0,448,1,3,0,5,0,2,0,190224,772996,772996,Pterioida,Pinctada fucata,DRR001573,Pinctada fucata
60,-,-,-,AATGGGGGG,DRR001574,Pinctada_fucata,TAGGG,TCAGG,TGTGGG,TTAGG,TTAGGC,TTAGGG,TTGCA,TTGGGG,TTGTGG,TTTAGGG,TTTGGG,TTTTAGGG,TTTTGGGG,Pinctada,2398.0,0,28,0,2,62,0,412,0,0,0,5,1,2,1,135309,573283,573283,Pterioida,Pinctada fucata,DRR001574,Pinctada fucata
103,-,-,-,AATGGGGGG,DRR001575,Pinctada_fucata,TAGGG,TCAGG,TGTGGG,TTAGG,TTAGGC,TTAGGG,TTGCA,TTGGGG,TTGTGG,TTTAGGG,TTTGGG,TTTTAGGG,TTTTGGGG,Pinctada,2171.0,0,20,0,0,23,0,288,0,0,0,4,1,1,1,113393,426839,426839,Pterioida,Pinctada fucata,DRR001575,Pinctada fucata
78,-,-,-,AATGGGGGG,DRR001577,Pinctada_fucata,TAGGG,TCAGG,TGTGGG,TTAGG,TTAGGC,TTAGGG,TTGCA,TTGGGG,TTGTGG,TTTAGGG,TTTGGG,TTTTAGGG,TTTTGGGG,Pinctada,3623.0,0,28,1,0,149,0,722,0,4,0,7,5,7,5,358369,1813136,1813136,Pterioida,Pinctada fucata,DRR001577,Pinctada fucata
81,-,-,-,AATGGGGGG,DRR001578,Pinctada_fucata,TAGGG,TCAGG,TGTGGG,TTAGG,TTAGGC,TTAGGG,TTGCA,TTGGGG,TTGTGG,TTTAGGG,TTTGGG,TTTTAGGG,TTTTGGGG,Pinctada,2440.0,0,20,0,0,89,0,384,2,3,0,8,3,9,3,210171,1039319,1039319,Pterioida,Pinctada fucata,DRR001578,Pinctada fucata
0,-,-,-,AATGGGGGG,DRR001579,Pinctada_fucata,TAGGG,TCAGG,TGTGGG,TTAGG,TTAGGC,TTAGGG,TTGCA,TTGGGG,TTGTGG,TTTAGGG,TTTGGG,TTTTAGGG,TTTTGGGG,Pinctada,6291.0,0,54,0,0,166,0,553,0,4,1,20,9,18,14,363471,1848694,1848694,Pterioida,Pinctada fucata,DRR001579,Pinctada fucata
74,-,-,-,AATGGGGGG,DRR001581,Pinctada_fucata,TAGGG,TCAGG,TGTGGG,TTAGG,TTAGGC,TTAGGG,TTGCA,TTGGGG,TTGTGG,TTTAGGG,TTTGGG,TTTTAGGG,TTTTGGGG,Pinctada,12776.0,2,123,6,0,516,0,1859,0,35,0,49,26,72,42,969249,4883983,4883983,Pterioida,Pinctada fucata,DRR001581,Pinctada fucata
14,-,-,-,AATGGGGGG,DRR001582,Pinctada_fucata,TAGGG,TCAGG,TGTGGG,TTAGG,TTAGGC,TTAGGG,TTGCA,TTGGGG,TTGTGG,TTTAGGG,TTTGGG,TTTTAGGG,TTTTGGGG,Pinctada,2278.0,0,33,0,0,53,0,362,0,5,0,6,2,6,4,189688,956833,956833,Pterioida,Pinctada fucata,DRR001582,Pinctada fucata
59,-,-,-,AATGGGGGG,DRR001583,Pinctada_fucata,TAGGG,TCAGG,TGTGGG,TTAGG,TTAGGC,TTAGGG,TTGCA,TTGGGG,TTGTGG,TTTAGGG,TTTGGG,TTTTAGGG,TTTTGGGG,Pinctada,2848.0,1,29,0,0,84,0,485,0,5,2,5,3,5,2,257135,1332318,1332318,Pterioida,Pinctada fucata,DRR001583,Pinctada fucata
45,-,-,-,AATGGGGGG,DRR001584,Pinctada_fucata,TAGGG,TCAGG,TGTGGG,TTAGG,TTAGGC,TTAGGG,TTGCA,TTGGGG,TTGTGG,TTTAGGG,TTTGGG,TTTTAGGG,TTTTGGGG,Pinctada,5501.0,0,37,0,0,134,0,181,0,5,0,10,4,6,3,210325,1014868,1014868,Pterioida,Pinctada fucata,DRR001584,Pinctada fucata
6,-,-,-,AATGGGGGG,DRR001585,Pinctada_fucata,TAGGG,TCAGG,TGTGGG,TTAGG,TTAGGC,TTAGGG,TTGCA,TTGGGG,TTGTGG,TTTAGGG,TTTGGG,TTTTAGGG,TTTTGGGG,Pinctada,6609.0,0,63,0,0,139,0,165,1,5,0,16,2,15,4,231828,1087605,1087605,Pterioida,Pinctada fucata,DRR001585,Pinctada fucata
28,-,-,-,AATGGGGGG,DRR001586,Pinctada_fucata,TAGGG,TCAGG,TGTGGG,TTAGG,TTAGGC,TTAGGG,TTGCA,TTGGGG,TTGTGG,TTTAGGG,TTTGGG,TTTTAGGG,TTTTGGGG,Pinctada,10490.0,0,57,1,0,325,0,1223,3,11,1,12,2,18,12,673562,3435184,3435184,Pterioida,Pinctada fucata,DRR001586,Pinctada fucata
30,-,-,-,AATGGGGGG,DRR001587,Pinctada_fucata,TAGGG,TCAGG,TGTGGG,TTAGG,TTAGGC,TTAGGG,TTGCA,TTGGGG,TTGTGG,TTTAGGG,TTTGGG,TTTTAGGG,TTTTGGGG,Pinctada,2630.0,1,19,0,0,72,0,289,0,2,0,5,1,5,0,180843,848915,848915,Pterioida,Pinctada fucata,DRR001587,Pinctada fucata
40,-,-,-,AATGGGGGG,DRR001588,Pinctada_fucata,TAGGG,TCAGG,TGTGGG,TTAGG,TTAGGC,TTAGGG,TTGCA,TTGGGG,TTGTGG,TTTAGGG,TTTGGG,TTTTAGGG,TTTTGGGG,Pinctada,13481.0,0,70,2,1,357,0,1006,4,3,0,25,5,21,7,669325,3420062,3420062,Pterioida,Pinctada fucata,DRR001588,Pinctada fucata
102,-,-,-,AATGGGGGG,DRR001589,Pinctada_fucata,TAGGG,TCAGG,TGTGGG,TTAGG,TTAGGC,TTAGGG,TTGCA,TTGGGG,TTGTGG,TTTAGGG,TTTGGG,TTTTAGGG,TTTTGGGG,Pinctada,8598.0,0,134,0,0,185,0,956,2,4,1,15,6,19,1,492422,1585389,1585389,Pterioida,Pinctada fucata,DRR001589,Pinctada fucata
5,-,-,-,AATGGGGGG,DRR001590,Pinctada_fucata,TAGGG,TCAGG,TGTGGG,TTAGG,TTAGGC,TTAGGG,TTGCA,TTGGGG,TTGTGG,TTTAGGG,TTTGGG,TTTTAGGG,TTTTGGGG,Pinctada,13236.0,0,113,0,0,330,0,641,1,3,0,30,8,27,5,477700,1800244,1800244,Pterioida,Pinctada fucata,DRR001590,Pinctada fucata
19,-,-,-,AATGGGGGG,DRR001591,Pinctada_fucata,TAGGG,TCAGG,TGTGGG,TTAGG,TTAGGC,TTAGGG,TTGCA,TTGGGG,TTGTGG,TTTAGGG,TTTGGG,TTTTAGGG,TTTTGGGG,Pinctada,14608.0,0,93,2,1,348,0,1654,3,4,1,16,5,5,3,785983,3562854,3562854,Pterioida,Pinctada fucata,DRR001591,Pinctada fucata
91,-,-,-,AATGGGGGG,DRR001592,Pinctada_fucata,TAGGG,TCAGG,TGTGGG,TTAGG,TTAGGC,TTAGGG,TTGCA,TTGGGG,TTGTGG,TTTAGGG,TTTGGG,TTTTAGGG,TTTTGGGG,Pinctada,17241.0,1,141,0,2,689,0,1659,2,14,1,62,17,59,24,960687,3322950,3322950,Pterioida,Pinctada fucata,DRR001592,Pinctada fucata
18,-,-,-,AATGGGGGG,DRR001593,Pinctada_fucata,TAGGG,TCAGG,TGTGGG,TTAGG,TTAGGC,TTAGGG,TTGCA,TTGGGG,TTGTGG,TTTAGGG,TTTGGG,TTTTAGGG,TTTTGGGG,Pinctada,14479.0,1,84,0,1,412,0,1720,0,3,2,26,7,13,8,820842,3278685,3278685,Pterioida,Pinctada fucata,DRR001593,Pinctada fucata
66,-,-,-,AATGGGGGG,DRR001594,Pinctada_fucata,TAGGG,TCAGG,TGTGGG,TTAGG,TTAGGC,TTAGGG,TTGCA,TTGGGG,TTGTGG,TTTAGGG,TTTGGG,TTTTAGGG,TTTTGGGG,Pinctada,13487.0,0,96,0,1,426,0,1616,1,9,0,14,13,12,5,788273,3128543,3128543,Pterioida,Pinctada fucata,DRR001594,Pinctada fucata
61,-,-,-,AATGGGGGG,DRR001596,Pinctada_fucata,TAGGG,TCAGG,TGTGGG,TTAGG,TTAGGC,TTAGGG,TTGCA,TTGGGG,TTGTGG,TTTAGGG,TTTGGG,TTTTAGGG,TTTTGGGG,Pinctada,2894.0,0,30,0,1,298,0,4546,1,14,0,13,2,4,4,423314,3259346,3259346,Pterioida,Pinctada fucata,DRR001596,Pinctada fucata
12,-,-,-,AATGGGGGG,DRR001597,Pinctada_fucata,TAGGG,TCAGG,TGTGGG,TTAGG,TTAGGC,TTAGGG,TTGCA,TTGGGG,TTGTGG,TTTAGGG,TTTGGG,TTTTAGGG,TTTTGGGG,Pinctada,3380.0,0,20,0,0,228,0,1294,0,0,0,2,1,1,0,216654,1527635,1527635,Pterioida,Pinctada fucata,DRR001597,Pinctada fucata
97,-,-,-,AATGGGGGG,DRR001598,Pinctada_fucata,TAGGG,TCAGG,TGTGGG,TTAGG,TTAGGC,TTAGGG,TTGCA,TTGGGG,TTGTGG,TTTAGGG,TTTGGG,TTTTAGGG,TTTTGGGG,Pinctada,1849.0,1,14,0,1,175,0,1395,1,1,0,4,1,1,1,182303,1413490,1413490,Pterioida,Pinctada fucata,DRR001598,Pinctada fucata
87,-,-,-,AATGGGGGG,DRR001599,Pinctada_fucata,TAGGG,TCAGG,TGTGGG,TTAGG,TTAGGC,TTAGGG,TTGCA,TTGGGG,TTGTGG,TTTAGGG,TTTGGG,TTTTAGGG,TTTTGGGG,Pinctada,1188.0,0,6,1,1,96,0,1363,0,5,0,5,1,6,1,249798,1712129,1712129,Pterioida,Pinctada fucata,DRR001599,Pinctada fucata
46,-,-,-,AATGGGGGG,DRR001600,Pinctada_fucata,TAGGG,TCAGG,TGTGGG,TTAGG,TTAGGC,TTAGGG,TTGCA,TTGGGG,TTGTGG,TTTAGGG,TTTGGG,TTTTAGGG,TTTTGGGG,Pinctada,2051.0,0,22,1,0,193,0,1531,0,7,0,13,0,8,12,340941,2059074,2059074,Pterioida,Pinctada fucata,DRR001600,Pinctada fucata
23,-,-,-,AATGGGGGG,DRR001601,Pinctada_fucata,TAGGG,TCAGG,TGTGGG,TTAGG,TTAGGC,TTAGGG,TTGCA,TTGGGG,TTGTGG,TTTAGGG,TTTGGG,TTTTAGGG,TTTTGGGG,Pinctada,42639.0,2,29,1,2,10,0,117127,7,24,7,2,3,0,0,672191,108002081,108002081,Pterioida,Pinctada fucata,DRR001601,Pinctada fucata
25,-,-,-,AATGGGGGG,DRR001602,Pinctada_fucata,TAGGG,TCAGG,TGTGGG,TTAGG,TTAGGC,TTAGGG,TTGCA,TTGGGG,TTGTGG,TTTAGGG,TTTGGG,TTTTAGGG,TTTTGGGG,Pinctada,68675.0,13,3,0,8,52,0,82281,0,39,0,1,3,0,0,154678,117058830,117058830,Pterioida,Pinctada fucata,DRR001602,Pinctada fucata
11,-,-,-,AATGGGGGG,DRR001603,Pinctada_fucata,TAGGG,TCAGG,TGTGGG,TTAGG,TTAGGC,TTAGGG,TTGCA,TTGGGG,TTGTGG,TTTAGGG,TTTGGG,TTTTAGGG,TTTTGGGG,Pinctada,26087.0,0,2,0,0,1,0,13059,2,2,0,0,0,0,0,336974,76833175,76833175,Pterioida,Pinctada fucata,DRR001603,Pinctada fucata
Rhabditida,,,,,,,,,,,,,,,,,,,,,,7,29,4,1100,8781,82684,5993,9,49,1140,83,59,11,2,4338672,1030694943,1030694943,Rhabditida,,Rhabditida,
RhabditidaHaemonchus,,,,,,,,,,,,,,,,,,,,Haemonchus,,0,23,4,1073,79,81033,5094,3,11,83,18,8,0,2,1353259,203309391,203309391,Rhabditida,,Haemonchus,Rhabditida
RhabditidaHaemonchusHaemonchus contortus,,,,,,,,,,,,,,,,,,,,Haemonchus,,0,23,4,1073,79,81033,5094,3,11,83,18,8,0,2,1353259,203309391,203309391,Rhabditida,Haemonchus contortus,Haemonchus contortus,Haemonchus
51,-,-,-,AATGGGGGG,ERR034113,Haemonchus_contortus,TAGGG,TCAGG,TGTGGG,TTAGG,TTAGGC,TTAGGG,TTGCA,TTGGGG,TTGTGG,TTTAGGG,TTTGGG,TTTTAGGG,TTTTGGGG,Haemonchus,61195.0,0,1,0,154,12,13986,393,0,0,24,5,0,0,0,236557,40863408,40863408,Rhabditida,Haemonchus contortus,ERR034113,Haemonchus contortus
89,-,-,-,AATGGGGGG,ERR034114,Haemonchus_contortus,TAGGG,TCAGG,TGTGGG,TTAGG,TTAGGC,TTAGGG,TTGCA,TTGGGG,TTGTGG,TTTAGGG,TTTGGG,TTTTAGGG,TTTTGGGG,Haemonchus,52578.0,0,1,4,149,10,13830,3779,1,8,17,8,5,0,1,320546,39199553,39199553,Rhabditida,Haemonchus contortus,ERR034114,Haemonchus contortus
55,-,-,-,AATGGGGGG,ERR034115,Haemonchus_contortus,TAGGG,TCAGG,TGTGGG,TTAGG,TTAGGC,TTAGGG,TTGCA,TTGGGG,TTGTGG,TTTAGGG,TTTGGG,TTTTAGGG,TTTTGGGG,Haemonchus,78480.0,0,19,0,294,15,20058,374,1,1,8,0,3,0,0,280698,39503063,39503063,Rhabditida,Haemonchus contortus,ERR034115,Haemonchus contortus
53,-,-,-,AATGGGGGG,ERR034116,Haemonchus_contortus,TAGGG,TCAGG,TGTGGG,TTAGG,TTAGGC,TTAGGG,TTGCA,TTGGGG,TTGTGG,TTTAGGG,TTTGGG,TTTTAGGG,TTTTGGGG,Haemonchus,88766.0,0,1,0,181,21,14400,525,0,1,20,5,0,0,1,268438,46379081,46379081,Rhabditida,Haemonchus contortus,ERR034116,Haemonchus contortus
84,-,-,-,AATGGGGGG,ERR034117,Haemonchus_contortus,TAGGG,TCAGG,TGTGGG,TTAGG,TTAGGC,TTAGGG,TTGCA,TTGGGG,TTGTGG,TTTAGGG,TTTGGG,TTTTAGGG,TTTTGGGG,Haemonchus,65160.0,0,1,0,295,21,18759,23,1,1,14,0,0,0,0,247020,37364286,37364286,Rhabditida,Haemonchus contortus,ERR034117,Haemonchus contortus
RhabditidaNippostrongylus,,,,,,,,,,,,,,,,,,,,Nippostrongylus,,0,5,0,5,4,1651,274,0,3,7,27,5,11,0,268399,38472836,38472836,Rhabditida,,Nippostrongylus,Rhabditida
RhabditidaNippostrongylusNippostrongylus brasiliensis,,,,,,,,,,,,,,,,,,,,Nippostrongylus,,0,5,0,5,4,1651,274,0,3,7,27,5,11,0,268399,38472836,38472836,Rhabditida,Nippostrongylus brasiliensis,Nippostrongylus brasiliensis,Nippostrongylus
94,-,-,-,AATGGGGGG,ERR022567,Nippostrongylus_brasiliensis,TAGGG,TCAGG,TGTGGG,TTAGG,TTAGGC,TTAGGG,TTGCA,TTGGGG,TTGTGG,TTTAGGG,TTTGGG,TTTTAGGG,TTTTGGGG,Nippostrongylus,20156.0,0,5,0,5,4,1651,274,0,3,7,27,5,11,0,268399,38472836,38472836,Rhabditida,Nippostrongylus brasiliensis,ERR022567,Nippostrongylus brasiliensis
RhabditidaStrongyloides,,,,,,,,,,,,,,,,,,,,Strongyloides,,7,1,0,22,8698,0,625,6,35,1050,38,46,0,0,2717014,788912716,788912716,Rhabditida,,Strongyloides,Rhabditida
RhabditidaStrongyloidesStrongyloides venezuelensis,,,,,,,,,,,,,,,,,,,,Strongyloides,,7,1,0,22,8698,0,625,6,35,1050,38,46,0,0,2717014,788912716,788912716,Rhabditida,Strongyloides venezuelensis,Strongyloides venezuelensis,Strongyloides
77,-,-,-,AATGGGGGG,DRR008460,Strongyloides_venezuelensis,TAGGG,TCAGG,TGTGGG,TTAGG,TTAGGC,TTAGGG,TTGCA,TTGGGG,TTGTGG,TTTAGGG,TTTGGG,TTTTAGGG,TTTTGGGG,Strongyloides,14097.0,0,0,0,0,0,0,6,0,0,30,9,0,0,0,180543,26040364,26040364,Rhabditida,Strongyloides venezuelensis,DRR008460,Strongyloides venezuelensis
56,-,-,-,AATGGGGGG,DRR008461,Strongyloides_venezuelensis,TAGGG,TCAGG,TGTGGG,TTAGG,TTAGGC,TTAGGG,TTGCA,TTGGGG,TTGTGG,TTTAGGG,TTTGGG,TTTTAGGG,TTTTGGGG,Strongyloides,13352.0,0,0,0,0,0,0,0,0,0,32,24,0,0,0,182231,25954843,25954843,Rhabditida,Strongyloides venezuelensis,DRR008461,Strongyloides venezuelensis
41,-,-,-,AATGGGGGG,DRR008462,Strongyloides_venezuelensis,TAGGG,TCAGG,TGTGGG,TTAGG,TTAGGC,TTAGGG,TTGCA,TTGGGG,TTGTGG,TTTAGGG,TTTGGG,TTTTAGGG,TTTTGGGG,Strongyloides,66686.0,3,0,0,0,0,0,4,0,1,126,2,2,0,0,1016080,208947360,208947360,Rhabditida,Strongyloides venezuelensis,DRR008462,Strongyloides venezuelensis
71,-,-,-,AATGGGGGG,DRR008463,Strongyloides_venezuelensis,TAGGG,TCAGG,TGTGGG,TTAGG,TTAGGC,TTAGGG,TTGCA,TTGGGG,TTGTGG,TTTAGGG,TTTGGG,TTTTAGGG,TTTTGGGG,Strongyloides,67892.0,3,0,0,2,0,0,2,0,0,116,2,0,0,0,1033727,212092198,212092198,Rhabditida,Strongyloides venezuelensis,DRR008463,Strongyloides venezuelensis
29,-,-,-,AATGGGGGG,DRR008464,Strongyloides_venezuelensis,TAGGG,TCAGG,TGTGGG,TTAGG,TTAGGC,TTAGGG,TTGCA,TTGGGG,TTGTGG,TTTAGGG,TTTGGG,TTTTAGGG,TTTTGGGG,Strongyloides,4122004.0,1,0,0,9,3152,0,303,5,25,290,1,25,0,0,156291,155944365,155944365,Rhabditida,Strongyloides venezuelensis,DRR008464,Strongyloides venezuelensis
50,-,-,-,AATGGGGGG,DRR008465,Strongyloides_venezuelensis,TAGGG,TCAGG,TGTGGG,TTAGG,TTAGGC,TTAGGG,TTGCA,TTGGGG,TTGTGG,TTTAGGG,TTTGGG,TTTTAGGG,TTTTGGGG,Strongyloides,3913395.0,0,1,0,11,5546,0,310,1,9,456,0,19,0,0,148142,159933586,159933586,Rhabditida,Strongyloides venezuelensis,DRR008465,Strongyloides venezuelensis
Sepiolida,,,,,,,,,,,,,,,,,,,,,,0,40,0,1,467,0,1242,0,5,2,837,68,102,9,534886,513271,513271,Sepiolida,,Sepiolida,
SepiolidaIdiosepius,,,,,,,,,,,,,,,,,,,,Idiosepius,,0,40,0,1,467,0,1242,0,5,2,837,68,102,9,534886,513271,513271,Sepiolida,,Idiosepius,Sepiolida
SepiolidaIdiosepiusIdiosepius paradoxus,,,,,,,,,,,,,,,,,,,,Idiosepius,,0,40,0,1,467,0,1242,0,5,2,837,68,102,9,534886,513271,513271,Sepiolida,Idiosepius paradoxus,Idiosepius paradoxus,Idiosepius
22,-,-,-,AATGGGGGG,DRR001110,Idiosepius_paradoxus,TAGGG,TCAGG,TGTGGG,TTAGG,TTAGGC,TTAGGG,TTGCA,TTGGGG,TTGTGG,TTTAGGG,TTTGGG,TTTTAGGG,TTTTGGGG,Idiosepius,6397.0,0,23,0,1,264,0,664,0,1,2,452,44,50,6,295757,274125,274125,Sepiolida,Idiosepius paradoxus,DRR001110,Idiosepius paradoxus
92,-,-,-,AATGGGGGG,DRR001113,Idiosepius_paradoxus,TAGGG,TCAGG,TGTGGG,TTAGG,TTAGGC,TTAGGG,TTGCA,TTGGGG,TTGTGG,TTTAGGG,TTTGGG,TTTTAGGG,TTTTGGGG,Idiosepius,7261.0,0,17,0,0,203,0,578,0,4,0,385,24,52,3,239129,239146,239146,Sepiolida,Idiosepius paradoxus,DRR001113,Idiosepius paradoxus
Spirurida,,,,,,,,,,,,,,,,,,,,,,0,11,0,389,1,41141,7956,70,154,58,12,25,0,5,1045353,140675603,140675603,Spirurida,,Spirurida,
SpiruridaOnchocerca,,,,,,,,,,,,,,,,,,,,Onchocerca,,0,11,0,389,1,41141,7956,70,154,58,12,25,0,5,1045353,140675603,140675603,Spirurida,,Onchocerca,Spirurida
SpiruridaOnchocercaOnchocerca volvulus,,,,,,,,,,,,,,,,,,,,Onchocerca,,0,11,0,389,1,41141,7956,70,154,58,12,25,0,5,1045353,140675603,140675603,Spirurida,Onchocerca volvulus,Onchocerca volvulus,Onchocerca
1,-,-,-,AATGGGGGG,ERR018815,Onchocerca_volvulus,TAGGG,TCAGG,TGTGGG,TTAGG,TTAGGC,TTAGGG,TTGCA,TTGGGG,TTGTGG,TTTAGGG,TTTGGG,TTTTAGGG,TTTTGGGG,Onchocerca,190637.0,0,2,0,99,0,7167,1950,20,85,15,3,11,0,0,286193,17865063,17865063,Spirurida,Onchocerca volvulus,ERR018815,Onchocerca volvulus
57,-,-,-,AATGGGGGG,ERR022512,Onchocerca_volvulus,TAGGG,TCAGG,TGTGGG,TTAGG,TTAGGC,TTAGGG,TTGCA,TTGGGG,TTGTGG,TTTAGGG,TTTGGG,TTTTAGGG,TTTTGGGG,Onchocerca,127485.0,0,0,0,151,0,9369,1682,6,7,1,0,1,0,0,161034,12314735,12314735,Spirurida,Onchocerca volvulus,ERR022512,Onchocerca volvulus
48,-,-,-,AATGGGGGG,ERR022849,Onchocerca_volvulus,TAGGG,TCAGG,TGTGGG,TTAGG,TTAGGC,TTAGGG,TTGCA,TTGGGG,TTGTGG,TTTAGGG,TTTGGG,TTTTAGGG,TTTTGGGG,Onchocerca,131723.0,0,9,0,68,1,13495,3758,35,43,22,9,9,0,1,320048,32565883,32565883,Spirurida,Onchocerca volvulus,ERR022849,Onchocerca volvulus
44,-,-,-,AATGGGGGG,ERR034091,Onchocerca_volvulus,TAGGG,TCAGG,TGTGGG,TTAGG,TTAGGC,TTAGGG,TTGCA,TTGGGG,TTGTGG,TTTAGGG,TTTGGG,TTTTAGGG,TTTTGGGG,Onchocerca,91739.0,0,0,0,71,0,11110,566,9,19,20,0,4,0,4,278078,77929922,77929922,Spirurida,Onchocerca volvulus,ERR034091,Onchocerca volvulus
Trichocephalida,,,,,,,,,,,,,,,,,,,,,,0,2,0,1,0,13855,37,0,2,0,2,5,0,0,38139,8005056,8005056,Trichocephalida,,Trichocephalida,
TrichocephalidaTrichuris,,,,,,,,,,,,,,,,,,,,Trichuris,,0,2,0,1,0,13855,37,0,2,0,2,5,0,0,38139,8005056,8005056,Trichocephalida,,Trichuris,Trichocephalida
TrichocephalidaTrichurisTrichuris muris,,,,,,,,,,,,,,,,,,,,Trichuris,,0,2,0,1,0,13855,37,0,2,0,2,5,0,0,38139,8005056,8005056,Trichocephalida,Trichuris muris,Trichuris muris,Trichuris
49,-,-,-,AATGGGGGG,ERR021973,Trichuris_muris,TAGGG,TCAGG,TGTGGG,TTAGG,TTAGGC,TTAGGG,TTGCA,TTGGGG,TTGTGG,TTTAGGG,TTTGGG,TTTTAGGG,TTTTGGGG,Trichuris,11238.0,0,2,0,1,0,13855,37,0,2,0,2,5,0,0,38139,8005056,8005056,Trichocephalida,Trichuris muris,ERR021973,Trichuris muris
Tylenchida,,,,,,,,,,,,,,,,,,,,,,1,56,9,831,93,483290,3305,67,162,150,8709,343,30,71,4815060,324129724,324129724,Tylenchida,,Tylenchida,
TylenchidaBursaphelenchus,,,,,,,,,,,,,,,,,,,,Bursaphelenchus,,0,45,0,2,7,162954,31,3,9,59,0,64,0,0,1168143,147674415,147674415,Tylenchida,,Bursaphelenchus,Tylenchida
TylenchidaBursaphelenchusBursaphelenchus mucronatus,,,,,,,,,,,,,,,,,,,,Bursaphelenchus,,0,15,0,0,6,85131,8,2,0,41,0,37,0,0,427102,74131865,74131865,Tylenchida,Bursaphelenchus mucronatus,Bursaphelenchus mucronatus,Bursaphelenchus
104,-,-,-,AATGGGGGG,DRR067236,Bursaphelenchus_mucronatus,TAGGG,TCAGG,TGTGGG,TTAGG,TTAGGC,TTAGGG,TTGCA,TTGGGG,TTGTGG,TTTAGGG,TTTGGG,TTTTAGGG,TTTTGGGG,Bursaphelenchus,49574.0,0,15,0,0,1,27956,1,2,0,13,0,14,0,0,189571,24856815,24856815,Tylenchida,Bursaphelenchus mucronatus,DRR067236,Bursaphelenchus mucronatus
8,-,-,-,AATGGGGGG,DRR067237,Bursaphelenchus_mucronatus,TAGGG,TCAGG,TGTGGG,TTAGG,TTAGGC,TTAGGG,TTGCA,TTGGGG,TTGTGG,TTTAGGG,TTTGGG,TTTTAGGG,TTTTGGGG,Bursaphelenchus,43465.0,0,0,0,0,5,57175,7,0,0,28,0,23,0,0,237531,49275050,49275050,Tylenchida,Bursaphelenchus mucronatus,DRR067237,Bursaphelenchus mucronatus
TylenchidaBursaphelenchusBursaphelenchus xylophilus,,,,,,,,,,,,,,,,,,,,Bursaphelenchus,,0,30,0,2,1,77823,23,1,9,18,0,27,0,0,741041,73542550,73542550,Tylenchida,Bursaphelenchus xylophilus,Bursaphelenchus xylophilus,Bursaphelenchus
75,-,-,-,AATGGGGGG,DRR067230,Bursaphelenchus_xylophilus,TAGGG,TCAGG,TGTGGG,TTAGG,TTAGGC,TTAGGG,TTGCA,TTGGGG,TTGTGG,TTTAGGG,TTTGGG,TTTTAGGG,TTTTGGGG,Bursaphelenchus,4404.0,0,0,0,0,0,5696,3,0,1,12,0,2,0,0,90800,6165240,6165240,Tylenchida,Bursaphelenchus xylophilus,DRR067230,Bursaphelenchus xylophilus
67,-,-,-,AATGGGGGG,DRR067231,Bursaphelenchus_xylophilus,TAGGG,TCAGG,TGTGGG,TTAGG,TTAGGC,TTAGGG,TTGCA,TTGGGG,TTGTGG,TTTAGGG,TTTGGG,TTTTAGGG,TTTTGGGG,Bursaphelenchus,14066.0,0,29,0,0,0,44321,2,0,6,4,0,15,0,0,221067,29163060,29163060,Tylenchida,Bursaphelenchus xylophilus,DRR067231,Bursaphelenchus xylophilus
85,-,-,-,AATGGGGGG,DRR067232,Bursaphelenchus_xylophilus,TAGGG,TCAGG,TGTGGG,TTAGG,TTAGGC,TTAGGG,TTGCA,TTGGGG,TTGTGG,TTTAGGG,TTTGGG,TTTTAGGG,TTTTGGGG,Bursaphelenchus,5718.0,0,1,0,0,0,11247,10,0,1,0,0,8,0,0,116825,10574633,10574633,Tylenchida,Bursaphelenchus xylophilus,DRR067232,Bursaphelenchus xylophilus
2,-,-,-,AATGGGGGG,DRR067233,Bursaphelenchus_xylophilus,TAGGG,TCAGG,TGTGGG,TTAGG,TTAGGC,TTAGGG,TTGCA,TTGGGG,TTGTGG,TTTAGGG,TTTGGG,TTTTAGGG,TTTTGGGG,Bursaphelenchus,10047.0,0,0,0,0,0,2933,0,0,0,0,0,1,0,0,113279,10042667,10042667,Tylenchida,Bursaphelenchus xylophilus,DRR067233,Bursaphelenchus xylophilus
64,-,-,-,AATGGGGGG,DRR067234,Bursaphelenchus_xylophilus,TAGGG,TCAGG,TGTGGG,TTAGG,TTAGGC,TTAGGG,TTGCA,TTGGGG,TTGTGG,TTTAGGG,TTTGGG,TTTTAGGG,TTTTGGGG,Bursaphelenchus,5744.0,0,0,0,0,1,6300,6,1,0,1,0,1,0,0,105931,9785682,9785682,Tylenchida,Bursaphelenchus xylophilus,DRR067234,Bursaphelenchus xylophilus
24,-,-,-,AATGGGGGG,DRR067235,Bursaphelenchus_xylophilus,TAGGG,TCAGG,TGTGGG,TTAGG,TTAGGC,TTAGGG,TTGCA,TTGGGG,TTGTGG,TTTAGGG,TTTGGG,TTTTAGGG,TTTTGGGG,Bursaphelenchus,4335.0,0,0,0,2,0,7326,2,0,1,1,0,0,0,0,93139,7811268,7811268,Tylenchida,Bursaphelenchus xylophilus,DRR067235,Bursaphelenchus xylophilus
TylenchidaGlobodera,,,,,,,,,,,,,,,,,,,,Globodera,,1,0,9,827,86,307475,3221,64,150,91,8709,266,30,69,3398499,164552887,164552887,Tylenchida,,Globodera,Tylenchida
TylenchidaGloboderaGlobodera pallida,,,,,,,,,,,,,,,,,,,,Globodera,,1,0,9,827,86,307475,3221,64,150,91,8709,266,30,69,3398499,164552887,164552887,Tylenchida,Globodera pallida,Globodera pallida,Globodera
70,-,-,-,AATGGGGGG,ERR019315,Globodera_pallida,TAGGG,TCAGG,TGTGGG,TTAGG,TTAGGC,TTAGGG,TTGCA,TTGGGG,TTGTGG,TTTAGGG,TTTGGG,TTTTAGGG,TTTTGGGG,Globodera,63345.0,0,0,0,0,0,686,10,0,0,0,2,1,0,2,196917,15672763,15672763,Tylenchida,Globodera pallida,ERR019315,Globodera pallida
13,-,-,-,AATGGGGGG,ERR019316,Globodera_pallida,TAGGG,TCAGG,TGTGGG,TTAGG,TTAGGC,TTAGGG,TTGCA,TTGGGG,TTGTGG,TTTAGGG,TTTGGG,TTTTAGGG,TTTTGGGG,Globodera,47606.0,0,0,3,284,3,84202,1364,13,42,25,3006,160,6,4,368475,15405332,15405332,Tylenchida,Globodera pallida,ERR019316,Globodera pallida
65,-,-,-,AATGGGGGG,ERR019317,Globodera_pallida,TAGGG,TCAGG,TGTGGG,TTAGG,TTAGGC,TTAGGG,TTGCA,TTGGGG,TTGTGG,TTTAGGG,TTTGGG,TTTTAGGG,TTTTGGGG,Globodera,22293.0,0,0,2,4,34,76291,475,14,17,3,265,76,2,29,312174,12794791,12794791,Tylenchida,Globodera pallida,ERR019317,Globodera pallida
101,-,-,-,AATGGGGGG,ERR019318,Globodera_pallida,TAGGG,TCAGG,TGTGGG,TTAGG,TTAGGC,TTAGGG,TTGCA,TTGGGG,TTGTGG,TTTAGGG,TTTGGG,TTTTAGGG,TTTTGGGG,Globodera,178829.0,0,0,0,0,0,1050,12,0,2,0,4,0,0,3,453994,20268466,20268466,Tylenchida,Globodera pallida,ERR019318,Globodera pallida
20,-,-,-,AATGGGGGG,ERR019319,Globodera_pallida,TAGGG,TCAGG,TGTGGG,TTAGG,TTAGGC,TTAGGG,TTGCA,TTGGGG,TTGTGG,TTTAGGG,TTTGGG,TTTTAGGG,TTTTGGGG,Globodera,21348.0,0,0,0,2,0,956,18,0,0,0,66,0,3,0,186611,12636631,12636631,Tylenchida,Globodera pallida,ERR019319,Globodera pallida
42,-,-,-,AATGGGGGG,ERR019320,Globodera_pallida,TAGGG,TCAGG,TGTGGG,TTAGG,TTAGGC,TTAGGG,TTGCA,TTGGGG,TTGTGG,TTTAGGG,TTTGGG,TTTTAGGG,TTTTGGGG,Globodera,31995.0,0,0,0,3,0,1993,16,0,0,0,118,0,0,0,296293,24889215,24889215,Tylenchida,Globodera pallida,ERR019320,Globodera pallida
93,-,-,-,AATGGGGGG,ERR019321,Globodera_pallida,TAGGG,TCAGG,TGTGGG,TTAGG,TTAGGC,TTAGGG,TTGCA,TTGGGG,TTGTGG,TTTAGGG,TTTGGG,TTTTAGGG,TTTTGGGG,Globodera,110699.0,0,0,0,0,0,2418,28,0,1,1,151,0,0,1,352632,30656305,30656305,Tylenchida,Globodera pallida,ERR019321,Globodera pallida
38,-,-,-,AATGGGGGG,ERR019322,Globodera_pallida,TAGGG,TCAGG,TGTGGG,TTAGG,TTAGGC,TTAGGG,TTGCA,TTGGGG,TTGTGG,TTTAGGG,TTTGGG,TTTTAGGG,TTTTGGGG,Globodera,30473.0,1,0,2,527,8,78861,1085,15,61,56,4853,18,15,2,688263,18802883,18802883,Tylenchida,Globodera pallida,ERR019322,Globodera pallida
47,-,-,-,AATGGGGGG,ERR019323,Globodera_pallida,TAGGG,TCAGG,TGTGGG,TTAGG,TTAGGC,TTAGGG,TTGCA,TTGGGG,TTGTGG,TTTAGGG,TTTGGG,TTTTAGGG,TTTTGGGG,Globodera,19751.0,0,0,2,7,41,61018,213,22,27,6,244,11,4,28,543140,13426501,13426501,Tylenchida,Globodera pallida,ERR019323,Globodera pallida
TylenchidaSubanguina,,,,,,,,,,,,,,,,,,,,Subanguina,,0,11,0,2,0,12861,53,0,3,0,0,13,0,2,248418,11902422,11902422,Tylenchida,,Subanguina,Tylenchida
TylenchidaSubanguinaSubanguina moxae,,,,,,,,,,,,,,,,,,,,Subanguina,,0,11,0,2,0,12861,53,0,3,0,0,13,0,2,248418,11902422,11902422,Tylenchida,Subanguina moxae,Subanguina moxae,Subanguina
100,-,-,-,AATGGGGGG,DRR029446,Subanguina_moxae,TAGGG,TCAGG,TGTGGG,TTAGG,TTAGGC,TTAGGG,TTGCA,TTGGGG,TTGTGG,TTTAGGG,TTTGGG,TTTTAGGG,TTTTGGGG,Subanguina,3679.0,0,11,0,2,0,12861,53,0,3,0,0,13,0,2,248418,11902422,11902422,Tylenchida,Subanguina moxae,DRR029446,Subanguina moxae
unknown,,,,,,,,,,,,,,,,,,,,,,0,0,0,0,0,0,13,0,0,0,0,0,0,0,1498,75436,75436,unknown,,unknown,
unknownTrilobodrilus,,,,,,,,,,,,,,,,,,,,Trilobodrilus,,0,0,0,0,0,0,13,0,0,0,0,0,0,0,1498,75436,75436,unknown,,Trilobodrilus,unknown
unknownTrilobodrilusunknown,,,,,,,,,,,,,,,,,,,,Trilobodrilus,,0,0,0,0,0,0,13,0,0,0,0,0,0,0,1498,75436,75436,unknown,unknown,unknown,Trilobodrilus
82,-,-,-,AATGGGGGG,DRR016111,Trilobodrilus,TAGGG,TCAGG,TGTGGG,TTAGG,TTAGGC,TTAGGG,TTGCA,TTGGGG,TTGTGG,TTTAGGG,TTTGGG,TTTTAGGG,TTTTGGGG,Trilobodrilus,23.0,0,0,0,0,0,0,13,0,0,0,0,0,0,0,1498,75436,75436,unknown,unknown,DRR016111,unknown
